Author,Affiliation,Citations,H-index
Robert Langer,MIT,402543,316
Marin Soljacic,MIT,97578,181
Michael S Strano,MIT,81738,113
Daniel G. Anderson,MIT,80812,139
Ju Li (ORCID:0000-0002-7841-8058),MIT,67661,132
Edwin L. Thomas,MIT,55311,121
Markus J. Buehler,MIT,44578,111
T. Alan Hatton,MIT,42321,108
n. p. suh,MIT,39357,85
Ioannis V. Yannas,MIT,26362,81
Patrick S. Doyle,MIT,23129,79
Karl K. Berggren,MIT,20037,74
Rohit Karnik,MIT,16984,59
Christopher Spadaccini,MIT,11794,43
Linn W. Hobbs,MIT,10649,51
Adnan Memiƒá,MIT,10098,40
Joel Voldman,MIT,10044,47
Ellen Sletten,MIT,10027,30
Ngoc Cuong Nguyen,MIT,8928,42
Kwanghun Chung,MIT,8478,38
Mark Schattenburg,MIT,8222,51
James LeBeau,MIT,7785,40
David Zhitomirsky,MIT,6597,30
deblina sarkar,MIT,6502,27
Nicholas C. Harris,MIT,5925,27
Ming Tien,Other,21792,72
Benedetto Marelli,MIT,5645,41
Steven Kooi,MIT,4915,38
Anna Osherov,MIT,4837,24
Siddharth Kumar Das,Other,12240,34
Kevin P. O'Brien,MIT,4674,20
Johann Elbaz,MIT,4356,31
Yan Pang,MIT,4164,39
Ana Jaklenec,MIT,3883,25
Jingqing Zhang,MIT,3697,27
Thomas P. McNicholas,MIT,3626,22
Andrew Ryan Bader,MIT,3542,14
Zhang Ziwei,Other,9186,48
Emmanouil D. Karagiannis,MIT,3476,23
Jeffrey B. Chou,MIT,3438,19
Yeh-Chuin Poh,MIT,3389,18
"Freddy T. Nguyen, M.D., Ph.D.",MIT,3388,21
Yannick Salamin,MIT,3340,26
Nicola Ferralis,MIT,3290,29
Tao Sun,Other,7180,46
Jun Min Suh,MIT,3217,33
Kenji Yasuda,MIT,3175,18
Dr. Akash Kumar Gupta,Other,10418,42
Hossein Montazerian,MIT,2993,28
Chun-Wan Yen,MIT,2934,20
John M. Maloney,MIT,2914,21
Richa Sharma,Other,13473,49
William J. Jeang,MIT,2787,8
Matthias J. Grotevent,MIT,2759,8
Bo Qiu,Other,16557,68
Michael P. Short,MIT,2674,30
Moustafa R. K. Ali,MIT,2668,17
Yiran Zheng,MIT,2661,17
Kyler Carroll,MIT,2580,26
Sean Campbell,Other,7047,35
Cullen Buie,MIT,2465,24
Samson Afewerki,MIT,2452,26
Kowa Chen,MIT,2368,11
Jun Xu,Georgia Tech,7751,41
Edmund W. Schuster,MIT,2337,15
Jingjing Xu,Other,5019,32
Reza Riahi,MIT,2159,18
Daniel N. Frank,Other,22638,68
R. Michael Roberts,Other,32632,101
Jiaqi Lin,MIT,2137,15
Jiabao Zheng,MIT,2131,14
Amirhasan Nourbakhsh,MIT,2126,18
Chuyi Chen,MIT,2119,22
Ali Beyzavi,MIT,2113,13
Marilyn F Hallock,MIT,2109,22
Pin-Xian Xu,Other,6600,35
Jason T. L. Wang,Other,10314,44
Lenan Zhang,MIT,2047,23
Mohamed ElKabbash,MIT,2043,21
Pavlo Gordiichuk,MIT,2023,22
H√©lo√Øse Ragelle,MIT,1959,16
Adam Behrens,MIT,1916,17
Marco Campisi,MIT,1869,13
Kirk Warren Brown,Other,48926,64
Hugo Larocque,MIT,1811,20
Ioannis Lignos,MIT,1807,16
Kavin Kowsari,MIT,1791,22
Min Hao Wong,MIT,1791,16
Alexandre C. Foucher,MIT,1716,17
Wei Sun Leong,MIT,1632,19
Eric Ryan Lee,MIT,1621,6
Jessica Ann Carr,MIT,1574,10
Yi Zhang,Other,84308,118
Wei Yan,Other,12300,62
Natalia Nikolova,Other,5622,38
"Erika Wang, PhD",MIT,1506,17
Cody Ritt,MIT,1490,15
Yiwei Li Êùé‰∏Ä‰ºü,MIT,1483,20
Purnima Manghnani,MIT,1439,16
Yilin Zhang,MIT,1411,12
Daniel R Rines,MIT,1402,11
Ahmet Bekdemir,MIT,1372,14
Emily Hanhauser,MIT,1365,14
Hyunryul Ryu,MIT,1342,19
Huifeng Du,MIT,1310,10
Reza Azizian,MIT,1269,12
Tiffany Vo,MIT,1238,11
Jin Sung Park,Other,2340,19
Carlos M. Portela,MIT,1230,10
Chunbao Xu,Other,18258,72
Teck Chuan Lim,MIT,1216,10
Hanyu Zhang,Other,1476,20
Rathi Srinivas,MIT,1165,9
Sina Bonyadi,MIT,1162,9
Alireza Hajian,MIT,1160,10
Huang-Hao Yang,Other,33488,92
Andy Fefta Wijaya,Other,1212,18
Omer Adir,MIT,1119,9
Jose Jimenez,Other,1709,20
Sunny S Wicks,MIT,1071,10
Dhiman Bhattacharyya,MIT,1065,18
Neal E. Staley,MIT,1040,14
Dimitrios P. Papageorgiou,MIT,1039,17
Paul Z. Chen,MIT,1028,17
Wu Tien-Chun,MIT,1018,9
Bolei Deng (ÈÇìÂçöÁ£ä),MIT,1017,19
Wonseok Shin,MIT,998,13
Yi Shen,Other,7905,47
Christy Petruczok,MIT,982,10
Priyadarshi Panda,MIT,977,7
Igal Bayn,MIT,965,11
Eunkyung (Clare) Ko,MIT,955,14
Sangho Lee,Other,3935,24
Zhengpeng Wan (Jason),MIT,940,17
Lily Li-Wen Wang,MIT,929,12
Hyungryul Johnny Choi,MIT,921,9
B.J. Byungji Kim,MIT,915,11
David Sun Kong,MIT,864,13
Zhiguang Liu,Other,2537,28
Collin Edington,MIT,855,10
DoYoon LEE,Other,4171,8
Youngjin Yoo,Other,24976,54
Swati Shikha,MIT,833,13
Ying-Sheng Huang,Other,15213,56
Itai Y. Stein,MIT,795,16
Chang Liu (Will),MIT,793,15
Chun-Chen Yang(Ê•äÁ¥îË™†),Other,42566,96
Guiqiu Zheng,MIT,772,16
Brian Solomon,MIT,764,12
Shai Tsesses,MIT,752,12
Veronika Stelmakh,MIT,748,11
Kevin Chen-Chuan Chang,UIUC,16517,56
Eric Wai Keung Chu,MIT,722,7
Namit Chaudhary,MIT,711,8
Alexandra Churikova,MIT,708,6
Nicholas T.K.D. Dayie (PhD),Other,794,17
Jacob Coffey,MIT,699,12
John Joseph McGrath,Other,203473,143
Georgios Katsikis,MIT,690,11
Yann Magnin,MIT,674,14
Ilin (Eileen) Sadeghi,MIT,646,12
Yuqin Duan (Sophia),MIT,639,5
Michael A. Lee,MIT,636,12
"Sean Smith, FRACI, FIChemE, Fellow AAAS",Other,30207,76
Victor Hernandez-Gordillo,MIT,625,9
Kewen Lei,MIT,624,12
"Jen-Hung Fang, PhD",MIT,605,11
Jiatao (JT) Li,Other,14017,48
Khanh Thi My Tran,MIT,581,8
Giovanni Azzellino,MIT,580,5
Yu-Chen Hu,Other,21743,58
Wonjun Yim,MIT,572,13
Niraj K. Inamdar,MIT,571,7
Jong-Wan Lee,Other,1234,16
Kevin Gilmore,Other,704,12
LISI XIE,Other,1931,20
Shun-Fa yang,Other,33916,68
Mirko Rocci,MIT,536,14
Jeong-Gil Kim,MIT,530,12
Jan Frederik Totz,MIT,527,11
Peng WU,Other,39327,92
David Miranda-Nieves,MIT,505,8
Paul Bisso,MIT,502,6
Mehdi Salek,MIT,493,11
Gil Covarrubias,MIT,492,13
Yuran Wang,MIT,482,5
Abdul Rahim Mohamed Sharif,MIT,478,6
Kyung-Hyun Park-Min,Other,4489,34
Tae won Nam,MIT,474,7
Malik Wagih,MIT,473,8
Meghali Bora,MIT,469,8
Lei Wang,Other,67976,133
"Yagmur Yegin, PhD",MIT,465,11
Sachin H. Bhagchandani,MIT,461,7
nghi√™n c·ª©u ch·∫•t l∆∞·ª£ng gi√°o d·ª•c ƒë√†o t·∫°o,Other,3533,30
Mouhita Humayun,MIT,457,10
Shahrzad Ghaffari Mosanenzadeh,MIT,449,11
Elena Cambria,MIT,447,9
Marc Castellarnau,MIT,440,9
Rajith Singh Manan,MIT,440,8
Qing Hu,MIT,28485,81
J. Christopher Love,MIT,28549,70
Henri-Louis Girard,MIT,431,9
Do Hyun Park,Other,15913,71
Maria Kanelli,MIT,423,9
Wei-Shun Chang,Other,9932,45
Siheng Sean You,MIT,421,9
Laureen Meroueh,MIT,419,9
Robinson Anandakathir,MIT,418,11
Eva Maria Lopez Vidal,MIT,417,10
Amir Erfani,Other,905,16
C. Benjamin Renner,MIT,409,9
Ferdows Afghah,MIT,409,9
Matthias Ginterseder,MIT,407,4
Harry L.A. Janssen,Other,64300,115
Camille Papon,MIT,401,6
Matthew M. Mannarino,MIT,397,7
Suyong Han,MIT,385,8
Xing-Lou Yang,Other,46252,38
Simo Pajovic,MIT,376,8
"Chow Yu Ting, Âë®ÂÆáÈúÜ",MIT,373,8
Patrick Han,Other,1893,19
Haidong Feng,MIT,362,9
Seung Gyu Kim,Other,779,14
Cang Hui | ÊÉ†Ëíº,Other,11887,56
Shih-Ting Wang,MIT,340,9
Sayalee G. Mahajan,MIT,338,7
Gary W. Liu,MIT,335,8
Tamara G Dacoba,MIT,333,10
Aishuang Xiang,MIT,323,8
Jacob Beckham,MIT,321,10
Jason W. Ross,Other,6065,41
Sunandini Chopra,MIT,313,5
Setareh Shahsavari,MIT,313,8
Jan Tiepelt,MIT,306,6
Crystal E Owens,MIT,281,7
Jungki Song,MIT,280,8
How-Ran Guo,Other,12603,60
Ho Fung Cheng,MIT,265,10
Yahya Hosseini,MIT,262,7
Amir Ali Tavallaee,MIT,261,8
Berenice Vergara-Porras,MIT,253,9
Chun Man Chow,MIT,253,5
Maciej Baranski,MIT,247,10
Matthew Yeh,Other,563,7
Elad Deiss-Yehiely,MIT,244,6
Peter F. Satterthwaite,MIT,243,9
Boqing Gong,Other,14149,51
Tea Dodig-Crnkovic,Other,575,10
Priyatanu Roy,MIT,231,8
Jinshuo Zhang,MIT,229,7
Cherry Gao,MIT,227,6
Huu Tuan Nguyen,MIT,226,8
Harikrishnan Vijayamohanan,MIT,226,7
Seong Soon Jo,MIT,226,8
Lynn L.H. Huang,Other,3261,26
Shuheng Liao,MIT,219,8
Siwon Choi,MIT,207,6
Alice E. Stanton,MIT,202,5
Beno√Æt Desbiolles,MIT,193,6
Daniel Oran,MIT,192,4
Manish Kumar Singh,Other,18900,62
Sungyun Yang,MIT,188,4
Allen Yujie Jiang,MIT,187,3
Christoph G. G√§belein,MIT,182,7
Prashanth Patil,Other,932,18
Linsen Li,Other,7626,27
Marco Turchetti,MIT,176,7
Shahriar Khushrushahi,MIT,168,8
George Pavlou,Other,11074,52
Felicity Worsnop,MIT,166,4
Xiaoyi Hu,Other,1005,13
Weikun (Spencer) Zhu,MIT,165,6
Jiho Song,Other,1120,9
Benjamin Sabatini,MIT,158,6
Wedyan Babatain,MIT,158,8
Dan Wu,Other,4636,39
Ashley Kranjac,Other,174,8
Aubrey N. Penn,MIT,151,8
Joshua Hinckley,MIT,146,8
William R. Lindemann,MIT,143,7
Ramchander Chepyala,MIT,141,5
Behnaz Eshaghi,MIT,135,5
Navid Nemati,MIT,133,5
Joan Attia,Other,171,6
Emma Anquillare,MIT,131,3
Kate Reidy,MIT,128,6
Sarvesh Varma,MIT,125,5
Joel Sa√† Seoane,MIT,120,5
Haden Quinlan,MIT,118,3
Bo-Han Wu,MIT,114,5
Ashley L. Kaiser,MIT,114,5
Roberto Rodriguez-Moncayo,MIT,114,4
Lauren Pruett,MIT,112,6
Ida Sadeghi,MIT,110,5
Sabrina Shen,MIT,103,5
Husain Al-Mohssen,MIT,102,6
Sally I. El-Henawy,MIT,97,6
Samuel W McAlpine,MIT,97,4
Max Distler,MIT,96,5
Sarah J. Shapiro,MIT,94,3
Aranya Goswami,MIT,93,7
Yun Li,Other,103430,88
Jingyao Dai,MIT,88,6
John Simonaitis,MIT,86,3
Leah K Borden,MIT,80,2
Ava A LaRocca,MIT,79,2
Kruthika Kikkeri,MIT,78,5
Samantha E. Holt,MIT,74,4
Carmen Martin-Alonso,MIT,70,2
Ting-Yun Huang,MIT,68,3
Richard Bertram Church,MIT,68,3
Betty Gourdon,MIT,64,3
Abigail McShane,MIT,64,3
Nishat Tabassum,MIT,64,2
Owen Medeiros,MIT,63,5
Lohyun Kim,MIT,53,4
Krista Biggs,MIT,51,2
Mingyang Cui (Â¥îÊòéÈò≥),MIT,50,4
Yiwen Hu,Other,154,7
Matteo Castellani,MIT,45,4
M.A.R. Krielaart,MIT,44,4
Yanqi Wu,Other,2207,28
Yunus Sevimli,MIT,39,4
Nutth Tuchinda,MIT,37,3
Dhruv Varshney,MIT,36,3
Samuel David Figueroa,MIT,36,2
Grace I Anderson,MIT,34,3
Benjamin R. Dacus,MIT,31,3
Daniel M. Kim,MIT,31,1
Eliana Feygin,MIT,30,2
N√∫ria Puigmal,MIT,28,2
Bert Vandereydt,MIT,27,2
Xudong (Sheldon) Zheng,MIT,26,3
Hunter Hinnen,MIT,25,2
Muhammad Omer Farooq,Other,42264,85
Tara ≈†verko,MIT,22,3
Cathy S. Wang,MIT,22,2
Raquel A. Garcia,Other,5058,15
Jelle van der Hilst,MIT,17,1
Eldar Shakirov,MIT,16,3
Abhishek Mukherjee,Other,830,17
Haihao Liu,MIT,13,2
Gen Kamimura,MIT,13,2
Danielle Grey-Stewart,MIT,12,1
Bruce P. Enzmann III,MIT,12,2
Camille E. Cunin,MIT,11,2
Alvaro Sahagun,MIT,9,2
Alexander (Sandy) Curth,MIT,9,2
Jessica Shah,MIT,9,1
Sarah O. Spector,MIT,8,2
vo hoang tran chau,Other,4241,14
Shaunak Potdar,MIT,2,1
Arjav Shah,MIT,1,1
Victor Li,UMichigan,52183,125
Wei D. Lu,UMichigan,38387,89
Mark J. Kushner,UMichigan,26572,83
Amit Mishra,Other,32715,64
Xudong Fan,UMichigan,19105,66
Zetian Mi,UMichigan,18265,77
Mark A. Burns,UMichigan,15314,65
Euisik Yoon,UMichigan,13721,62
Anthony Grbic,UMichigan,12609,47
Andrew J Putnam,UMichigan,10809,51
Seok Ki Choi,UMichigan,10514,39
Brendon M. Baker,UMichigan,10243,37
Neil P. Dasgupta,UMichigan,9143,41
Jan P Stegemann,UMichigan,6951,43
Andrew Ault,UMichigan,6365,48
Anna Shenderova Schwendeman,UMichigan,6360,38
Liang Qi (ÈΩê‰∫Æ),UMichigan,6182,33
Tom Bersano,UMichigan,5704,20
Geeta Mehta,UMichigan,4410,32
Fred Terry,UMichigan,3938,36
Parag Deotare,UMichigan,3780,26
Ariella Shikanov,UMichigan,3564,34
Andrzej Lenart,Other,7142,41
Gustavo Mendon√ßa Ataide Gomes,Other,5282,20
ARUN KUMAR RAY,Other,4924,38
Chao Du,UMichigan,2710,13
Fuxi Cai,UMichigan,2549,13
Hyun Chan Kim,UMichigan,2499,28
Lawrence B. Shay (Hsieh),UMichigan,2395,20
Mario Fabiilli,UMichigan,2372,23
Wenda Tan,UMichigan,2321,20
Young Geun Park,UMichigan,2253,23
Kyung Soo Park (Charles Park),UMichigan,2125,14
J. Scott VanEpps,UMichigan,2124,13
"Joseph A. Potkay, Ph.D.",UMichigan,2115,24
Carlos A. Aguilar Salinas,Other,52267,97
A. Boh Ruffin,UMichigan,1876,19
Michelle Leach,UMichigan,1782,20
Abdon Pena-Francesch,UMichigan,1755,22
Xiaopei Deng,UMichigan,1678,18
Xiao-Jiang Li,Other,31563,91
Shravan Veerapaneni,UMichigan,1597,22
Julian Hyunsoo Kim,UMichigan,1554,15
Chengang Ji,UMichigan,1543,22
Dustin Chang,UMichigan,1539,9
"Loebel Claudia, MD PhD",UMichigan,1534,17
Zhi-guo Zhang (Âº†ÂøóÂõΩ),Other,24078,72
Animesh Banerjee,UMichigan,1419,15
Daniel A Balikov,UMichigan,1291,16
Jeffrey Uram,UMichigan,1258,7
Eiji Saito,UMichigan,1230,15
Brandon H. McNaughton,UMichigan,1210,19
Ghassan Kridli,UMichigan,1186,19
Amit M. Patel,UMichigan,1130,12
Wei Sun (Â≠ôÁÇú),UMichigan,1113,14
Ayan Das,Other,10998,45
Yuanpeng Wu,UMichigan,1073,19
Xufeng Xue,UMichigan,1069,12
Parth Vaishnav,UMichigan,1001,17
Jouha Min,UMichigan,978,12
Nicholas M Jordan,UMichigan,963,17
Shafat Jahangir,UMichigan,951,14
Keqin Cao,UMichigan,815,5
Zhou Wang,Other,99128,77
C. Ryan Oliver,UMichigan,798,12
Grace G Bushnell,UMichigan,792,12
Arezou Edalati,UMichigan,772,12
hao li,Other,71284,123
Aaron H. Morris,UMichigan,731,15
Long-Qing Chen,Other,78025,135
Minh Dang Nguyen,Other,8607,37
"Ahmet Emrehan Emre, Ph.D.",UMichigan,705,9
Orlando Trejo,UMichigan,689,14
Serife Tol,UMichigan,668,11
Jared Tracy,UMichigan,659,14
"Somnath Maji, Ph.D.",UMichigan,635,15
Xiuli Zhou,UMichigan,623,10
Bo-Ram Oh,UMichigan,607,10
Kaushik Banerjee,Other,5246,40
Yu-Heng Cheng,UMichigan,585,11
Neil Owens,Other,1281,15
ChangYeong Jeong,UMichigan,577,8
Laura Saunders,Other,2337,23
Joseph D. Dekker,Other,1637,19
Chu-Hsiang Teng,UMichigan,525,11
"Momchil T. Mihnev, Ph.D.",UMichigan,514,8
Jun Lu,Other,63435,140
LI FANGZHOU,UMichigan,498,3
Eric Horst,UMichigan,498,9
Sajal Singh,UMichigan,481,14
Hee-Jeong Jang,UMichigan,466,11
Wenyi Yee,UMichigan,450,6
Zhixiong Zhang,UMichigan,426,10
Alan Christy Hunter,Other,14673,39
Xiaheng Huang,UMichigan,421,6
ali akbar Khomeijani Farahani,Other,3904,25
Ali Davoodabadi,UMichigan,382,10
Devang Amin,UMichigan,380,8
Sagardip Majumder,UMichigan,350,10
Zhanni Wu,UMichigan,346,7
Bo Zhang,Other,25353,67
Tran Thu Doan,UMichigan,327,8
Hossein Rezvantalab,UMichigan,311,12
Wei-Jie Feng,UMichigan,307,7
Liam Casey,UMichigan,305,6
Martin De Beer,UMichigan,304,6
Kijoon Lee,Other,2154,20
Nicolas Mesyngier,UMichigan,275,4
Sergey Solomevich,UMichigan,271,9
Miao-Bin Lien,UMichigan,265,6
Jiwon Kim,Other,14180,16
Christopher Pannier,UMichigan,252,10
Eric Hald,UMichigan,251,8
Jonathan Z. Simon,Other,10185,50
Jacob Jordahl,UMichigan,234,6
Kishwar Mashooq,UMichigan,221,8
Brian O. Raeker,UMichigan,219,8
Xuedong Zhai,Other,1180,14
Vahid Rashidi,UMichigan,213,3
KA Juggernauth,UMichigan,212,5
Yuxin Zhai,UMichigan,204,5
Seongjun Moon,UMichigan,197,8
Chi Hoang,Other,26086,39
Shuo Yang,Other,9128,18
Russell Urie,UMichigan,178,7
Avinava Roy,UMichigan,160,5
majid alizadeh,Other,362,9
Brian Iezzi,UMichigan,149,6
Peter C.K. Cheung,Other,12146,53
Jeffrey Andrew Ma,UMichigan,142,5
Tyler Flynn,UMichigan,138,3
Dr. Priyanka Pandey (PhD),UMichigan,132,6
Jophin George Joseph,UMichigan,127,4
Chun-Wen Lin,UMichigan,127,6
Yi-Gang Xu,Other,26279,85
Xiang-Yang (Ben) Liu,Other,4335,37
Woo-Sung Jang,Other,286,10
Adam Alfrey,UMichigan,118,5
Ruowen Tu,UMichigan,117,6
Shiuan-Haur Su,UMichigan,113,5
Michael G Bennett,UMichigan,110,6
Rajani Bhat,UMichigan,110,4
Harrison L Hiraki,UMichigan,110,7
Kanak Datta,UMichigan,109,6
Yao E. Kovach,UMichigan,104,6
Soumitra Joy,UMichigan,100,4
Kai-Wei Chang,Other,27935,52
Samuel J DePalma,UMichigan,96,4
Hrishikesh Danawe,UMichigan,96,5
CHUL WON LEE,Other,2000,21
Abdelhamid M.H. Nasr,UMichigan,92,6
Sourav Acharya,Other,152,6
David Z. Pan,Other,15004,64
Priyan Weerappuli,UMichigan,77,5
Stephen Reicher,Other,66093,99
Yu-Chung Liu,UMichigan,74,2
Eun-Ji Song,Other,1086,18
Xintao Zhao,UMichigan,72,4
Xiaojia Wang,Other,2407,26
Daniel Penley,UMichigan,67,4
Vittorio DI COCCO,Other,1526,20
Kaito Yamada,UMichigan,63,4
Yasmine Doleyres,UMichigan,63,3
Patrick Dorin,UMichigan,58,3
Fjorela Xhyliu,UMichigan,55,3
Kai Duan,Other,601,12
Ashley E. Lenhart,UMichigan,46,2
Jorge Ruiz-Garc√≠a,UMichigan,45,3
Tayebeh Sahraeibelverdi,UMichigan,43,2
Neeharika Vellaluru,UMichigan,39,2
Huo Yanying,Other,1509,16
Alyse Krausz,UMichigan,32,2
"Shihan N. Khan, MD, Ph.D",UMichigan,30,3
Charles A. Hirst,UMichigan,30,2
Alexandra Damley-Strnad,UMichigan,29,3
Firaol Midekssa,UMichigan,28,2
Jess Harris,Other,4207,24
Avinash Kumar Gupta,UMichigan,24,2
Weihsiu Hu,UMichigan,24,2
Mohd Adli Ali,Other,94740,144
Mohamed Orabi,Other,4924,35
Nicholas Etrick,UMichigan,18,1
Seth M. Woodbury,UMichigan,18,2
ABDUL QUAIYUM ANSARI,Other,2233,22
Shreya Mahajan,Other,89,5
Cara Abecunas,UMichigan,15,2
Chloe Luyet,UMichigan,14,2
Hyunwoo Kim,Other,7306,7
Yuqian Guo (ÈÉ≠ÂÆáÈ™û),Other,1768,24
Zhenjie Yao,Other,468,11
Laura Penabad-Pe√±a,UMichigan,7,1
Anthony Berardi,UMichigan,5,1
Chang-Hwa Chiang,UMichigan,5,1
Jimmy A. Hutasoit,Other,561,17
William van den Bogert,UMichigan,4,1
Greta P. Colford,UMichigan,2,1
Ann Eliazer Nelson,Other,453,3
Vinh ƒêi·ªÉn L√™,UMichigan,2,1
Shuo Zhang,Other,7370,24
Mostafa A. El-Sayed,Georgia Tech,150740,143
Walt A de Heer,Georgia Tech,80838,97
Shuichi Takayama,Georgia Tech,34322,89
Nian Liu,Georgia Tech,33427,69
Andres J. Garcia,Georgia Tech,30828,101
David Rosen,Georgia Tech,28355,68
Scott J Hollister,Georgia Tech,27535,82
Ting Zhu,Georgia Tech,23714,72
Min-Feng Yu,Georgia Tech,19430,45
james m. gold,Other,46863,111
Vaibhav Kumar,Georgia Tech,12514,37
Suman Das,Other,17066,60
Krishnendu Roy,Georgia Tech,11407,50
Aurelia C Wang,Georgia Tech,10030,38
Pasquale Fernando Fulvio,Georgia Tech,9897,42
W. Hong Yeo,Georgia Tech,9843,40
Johnna Temenoff,Georgia Tech,9624,38
Xing XIEÔºàË∞¢ÂÖ¥Ôºâ,Georgia Tech,9188,35
Virendra Narayan Singh,Other,44650,56
Alyssa Panitch,Georgia Tech,7454,48
Ankur Singh,Georgia Tech,7193,41
Jiajia Xue,Georgia Tech,6872,33
Arun Gokhale,Georgia Tech,6327,48
Azad Naeemi,Georgia Tech,6102,35
Constantine Yannouleas,Georgia Tech,4986,38
Edward Botchwey,Georgia Tech,4877,40
Susan Napier Thomas,Georgia Tech,4610,30
Wulin Qiu,Georgia Tech,4484,39
Michael Filler,Georgia Tech,3754,28
Wenying Liu,Georgia Tech,3540,17
Yunus Alapan,Georgia Tech,3471,30
Zhitao Kang,Georgia Tech,3088,25
Yong-Tae Kim,Other,15148,61
Zheng Dong,Other,39933,96
Russell Gentry,Georgia Tech,2428,24
Pallab Pradhan,Georgia Tech,2218,21
Fuhan Liu,Georgia Tech,2217,25
Wenbin Fu,Georgia Tech,2113,24
Claire Olingy,Georgia Tech,1958,19
Yongzhi Qiu,Georgia Tech,1935,25
Chengzhi Shi,Georgia Tech,1840,16
SHENGTAO YU,Georgia Tech,1610,13
"Zhe ""Monica"" Zhong",Georgia Tech,1588,6
Shalu Suri,Georgia Tech,1555,16
David S. Gottfried,Georgia Tech,1497,18
"Fang-Yi ""Ida"" Su",Georgia Tech,1224,15
Wenwei Xu,Other,3532,32
Leslie Chan,Other,2027,20
Ayoung Choe,Georgia Tech,1025,12
Prof. Sourav Saha,Other,13284,55
Paul Joseph Dyson,Other,57393,120
Xinyu Lu,Georgia Tech,947,17
Emily L. Jackson-Holmes,Georgia Tech,937,8
Brian Wile,Georgia Tech,903,7
Aniruddh Sarkar,Georgia Tech,814,10
Dipjyoti Das,Georgia Tech,806,19
Giuseppe Trainiti,Georgia Tech,700,8
Amy Clarke,Other,1099,16
"Mohamed Aly Saad Aly, Ph.D.",Georgia Tech,690,9
Jae Hyun Cho,Other,1309,21
Balthazar Jose Manoel( orcid.org/0000-0002-9796-3609),Other,6674,43
Yiwei Xia,Georgia Tech,615,9
Sepideh Parvinian,Georgia Tech,612,5
A.E. Darabi,Georgia Tech,559,14
Sathya Gourisankar,Georgia Tech,534,6
Amir Bakhtiary Davijani,Georgia Tech,528,12
Vanessa Franco Carvalho Dartora,Georgia Tech,523,13
Zachary Combs,Georgia Tech,521,10
Ali Hussain Kazim,Georgia Tech,520,11
Soumen Das,Other,10304,33
Kevin L. Manktelow,Georgia Tech,476,8
Matthew Kirby Smith,Georgia Tech,463,10
Dohwan Lee,Georgia Tech,408,13
Ruxiu Liu,Georgia Tech,405,13
Donald Bejleri,Georgia Tech,402,6
Ding-Xiong Wang,Other,64684,102
Roberto Carlos Hincapi√©,Other,1157,21
Devin K. Brown,Georgia Tech,345,7
Justine S. Wagner,Georgia Tech,345,8
Olivia A. Burnsed,Georgia Tech,343,7
Kelsey Kubelick,Georgia Tech,333,11
Salih Alan,Georgia Tech,322,4
Hyeongeu Kim,Georgia Tech,317,8
Wenjun (Wendy) XU,Georgia Tech,315,8
Bartlet DeProspo,Georgia Tech,315,10
Junyue (Holden) Wang,Georgia Tech,309,3
Xuanwen Hua,Georgia Tech,295,5
"Ana Mora-Boza, PhD",Georgia Tech,295,9
Amir H. Hosseinnia,Georgia Tech,282,9
"Albert W. Cheng, PhD",Other,21244,37
Tel Rouse,Georgia Tech,271,6
Anamik Jhunjhunwala,Georgia Tech,260,6
Cameron Yamanishi,Georgia Tech,256,8
"Ching-Yu Cheng, MD, MPH, PhD",Other,81842,109
Grazia Marsico,Georgia Tech,227,5
Jaehoon Kim,Other,9873,56
Ji-Hoon Lee,Other,6736,29
Fangyuan ZHU,Other,2198,21
ahmad habib,Other,12125,51
Parisa Pooyan,Georgia Tech,177,2
Mert Boya,Georgia Tech,176,7
Zachary S. Campbell,Georgia Tech,173,8
DeaGyu Kim,Georgia Tech,173,7
Katherine Chou,Other,1601,10
Christopher A. Heist,Georgia Tech,165,6
Apoorva Salimath,Georgia Tech,161,2
John Zhang,Other,44997,115
Can Firat Usanmaz,Georgia Tech,151,4
Pragna Bhaskar,Georgia Tech,146,5
Liming Lian,Georgia Tech,143,7
DR. BHAWANA PANDEY,Other,409,12
Adriana Mulero-Russe,Georgia Tech,140,5
Tae Young Kim,Other,114092,134
Lingjun Zhu,Georgia Tech,133,5
Rebecca S Schneider,Georgia Tech,119,4
Karl-Erik Andersson,Other,74775,120
Hossein Ali Akhlaghi Amiri,Other,862,14
Samantha Lubaba Noor,Georgia Tech,112,5
Evren Fatih Arkan,Georgia Tech,108,5
Linqi Jin,Georgia Tech,102,5
Elio J. Challita,Georgia Tech,97,6
Chenxiao Wang,Other,116,2
Joseph  C Pearson,Other,1648,11
Jongsoo Kim,Other,1753,23
Md. Nahid Haque Shazon,Georgia Tech,84,5
Allen L. Liu,Georgia Tech,82,2
Sebastian G. Huayamares,Georgia Tech,81,5
John H. Tyler,Other,5466,25
Mohammad Moinul Islam,Other,5150,34
Necmettin Cevheri,Georgia Tech,76,4
Lauren A. Hymel,Georgia Tech,76,5
Weipeng Zhuo,Other,121,4
Sarah F Lombardo,Georgia Tech,72,5
Hamid Reza Marzban,Other,1351,20
Kipp Schoenwald,Georgia Tech,66,3
Se-Hyun Park,Other,1572,14
Adam Verga,Georgia Tech,65,4
Seleipiri  Charles,Georgia Tech,64,3
Zhengpeng Wan (Jason),MIT,940,17
Kyungduck Yoon,Georgia Tech,60,5
Ann Phoenix,Other,16174,49
Krishna Moorthi Sankar,Georgia Tech,53,4
Aditi Khirbat,Georgia Tech,52,2
Sai Aditya Raman Kuchibhatla,Georgia Tech,49,4
Kavin Manickaraj,Georgia Tech,47,2
Nelson E. Sepulveda-Ramos,Georgia Tech,45,4
Ardalan Lotfi,Georgia Tech,44,3
Miguel Armenta Ochoa,Georgia Tech,44,3
Sarah Rutledge,Georgia Tech,44,1
Nithin Nedumthakady,Georgia Tech,41,4
Midori L. (Maeda) Wasielewski,Georgia Tech,40,3
"Ching Shen ""Sean"" Chan",Georgia Tech,38,1
Mojtaba Hassani,Georgia Tech,34,3
Brandon Sharp,Georgia Tech,33,4
Jingqiu Liao,Other,1025,18
Vishwa Vasani,Georgia Tech,26,2
Nashrah Afroze,Georgia Tech,26,3
Alyssa Blake,Georgia Tech,24,2
Adarsh Choudhury,Georgia Tech,23,1
Ashi Awasthi,Georgia Tech,22,2
Ho Dung Manh,Other,568,14
"ADNAN, Usman Muhammad",Other,20747,68
Avi Gupta,Other,63,5
Tanmay M. Khare,Georgia Tech,18,1
Mason A Chilmonczyk.,Georgia Tech,15,2
Amy Yunfan Liu,Georgia Tech,13,1
Ashita Victor,Georgia Tech,13,2
Alexander W. Butler,Other,3891,23
Fariha Rubaiya,Georgia Tech,11,2
Austen Thien,Georgia Tech,11,2
Hyun Sung Kim,Other,2297,23
Amy Wood-Yang,Georgia Tech,8,2
Lisa DeWitte,Georgia Tech,8,2
Blaine Costello,Georgia Tech,7,1
Douglas Lars Nelson,Georgia Tech,6,1
Camille Johnson,Other,2425,12
Conner Awald,Georgia Tech,3,1
Zhou Lu (Michael),Georgia Tech,3,1
Hannah D. Kessler,Georgia Tech,3,1
Juno Lee,Other,1100,11
Dr. Sujoy Kumar Mandal,Other,199,6
Yi Lu,UIUC,49586,114
Scott R. White,UIUC,47061,98
Arend van der Zande,UIUC,25834,39
Ivan Petrov,UIUC,23861,77
Brian T. Cunningham,UIUC,19220,74
Aleksei Aksimentiev,UIUC,15797,69
Joseph W. Lyding,UIUC,12678,57
Brendan Harley,UIUC,11375,51
Richard T. Haasch,UIUC,10679,48
Sungjae Cho,UIUC,8938,26
Minjoo Larry Lee,UIUC,8620,45
R. Mohan Sankaran,UIUC,8143,44
Jean-Pierre Leburton,UIUC,7677,47
Lili Cai,UIUC,6981,27
Qiong Wu,UIUC,6260,15
Anil Kumar,Other,68156,103
Hee-Sun Han,UIUC,3696,12
MH xiong,UIUC,3674,27
Subhalakshmi Kumar,UIUC,3472,25
Rosa Maria Espinosa-Marzal,UIUC,3340,34
"Yun-Sheng Chen, Ph.D.",UIUC,3291,24
Muhammad Ibrahim Khan,UIUC,2788,23
Scott J. Robinson,UIUC,2764,20
Vania Petrova,UIUC,2412,16
gangsheng tong,UIUC,2304,28
Nardine S. Abadeer,UIUC,2238,8
Kaimin Cai,UIUC,2225,17
Zhiheng Lyu,UIUC,2082,25
Amit Desai,UIUC,1916,22
Liang Fu,MIT,51583,90
Maha Alafeef,UIUC,1750,19
Shaloo Rakheja,UIUC,1526,22
Holly McIlwee Golecki,UIUC,1465,15
Sara Pedron Haba,UIUC,1401,17
Ana Fatima Civantos,UIUC,1183,17
Yaofeng Chen,UIUC,1011,11
Shimin Mao,UIUC,994,11
Ahmed Ettaf Elbanna,UIUC,965,19
Seemesh Bhaskar,UIUC,872,22
Yanbin Wu,UIUC,857,10
Artem Shkumatov,UIUC,843,15
Md. Abul Bashar Emon,UIUC,835,11
"Chai Saengow, PhD",UIUC,811,17
Jyothi S. Sadhu,UIUC,777,11
Ankit Sharma,Other,7232,37
Runyu Zhang,UIUC,716,12
Anusha Pokhriyal,UIUC,670,14
Marie-Agathe Charpagne,UIUC,650,15
xin yu ‰∫éÊ¨£,UIUC,622,13
Michal Ondrejcek,UIUC,600,14
Sarah L. White,UIUC,581,9
Baek Kwang-Hyun,Other,4296,38
Quanhui Ye (Âè∂ÊùÉËæâ),UIUC,540,11
Xiao  Zhang,Other,3858,30
Wenxiang Cheng,Other,857,17
Qian ZhangÔºàTsian CheungÔºâ,Other,75073,112
"Chien-Yuan (Kevin) Lin, Ph.D.",Other,974,15
Nantao Li,UIUC,498,14
Yi-Bing Cheng,Other,73323,110
Ho Kun Woo,UIUC,436,14
Kevin (Zhi) He,UMichigan,7106,23
Hankeun Lee,UIUC,431,9
Yoo Kyung Go,UIUC,397,8
Abdul Monnaf Bhuiya,UIUC,372,8
Jessica TerBush,UIUC,372,9
Edmund Han,UIUC,324,7
Hao-Ming Chang,UIUC,317,7
Apratim Khandelwal,UIUC,315,4
Lehan Yao,UIUC,307,8
Anthony T.C. Chan,Other,33721,94
Vishal Sachdeva,Other,427,10
Pankul Dhingra,UIUC,281,9
Ellen C. Qin,UIUC,266,8
Tawfiqur Rakib,UIUC,264,8
Roddel Remy,UIUC,263,6
Osman Safa Cifci,UIUC,256,6
Zichao Ye,Other,1458,18
Supriya Mandal,UIUC,244,9
Christian James Konopka,UIUC,241,9
Sihan Chen,UIUC,217,5
Ying-Ying Huang,Other,18696,68
Mukul Govande,UIUC,204,4
Congnyu Che,UIUC,203,8
Aniruddh Rangarajan,UIUC,195,4
Hyegi Min,UIUC,194,5
Merryland Quy Nh∆°n,Other,748,15
Anil K. Kodali,UIUC,190,5
Julio F. Serrano,UIUC,189,5
Matthew H V Byrne,Other,3245,14
Ruiyang Xue,UIUC,180,6
Jayashree Nath,Other,264,8
Jinyu Zhang (Âº†ÈáëÈí∞),Other,116960,136
Yichao Zhang,Other,404,13
Sreyesh Satpathy,UIUC,172,1
Bharath Venkatesh Raghavan,UIUC,170,7
Yijue Diao,UIUC,170,6
Daniel Najafali,UIUC,163,7
Ahmed Sameer Khan Mohammed,UIUC,155,8
Zuochen Wang,UIUC,155,6
Behzad Mehrafrooz,UIUC,154,8
Joseph Tibbs,UIUC,148,5
Patrick J. Snyder,UIUC,147,8
Kevin Lee Vergin,Other,9464,37
Jin Hong Kim,Other,838,13
Josue Alejandro Lopez-Berganza,UIUC,134,5
Andrey Mironov,Other,7465,37
Bo Yang,Other,25545,71
Laurent Souqui,UIUC,106,6
Amanda Bacon,UIUC,104,4
Jiazheng Liu,UIUC,100,6
Hanwei Wang,UIUC,98,7
Rajat Subhra Chakraborty,Other,6670,35
Ganesh U. Patil,UIUC,94,4
Josef Hartl,Other,83,4
Archith Rayabharam,UIUC,82,5
Ignacio Arretche,UIUC,78,4
Quentin Rizzardi,UIUC,72,5
Melika Haji Mohammadi,UIUC,72,4
Max Rich,UIUC,71,4
"Vasiliki Kolliopoulos, PhD",UIUC,70,3
Weinan Liu,UIUC,58,4
Shunya Namiki,UIUC,56,3
Robert A Stavins,UIUC,56,5
Alexandra Blanco,UIUC,52,3
Rimsha Bhatta,UIUC,46,3
Connor Pierce,UIUC,45,2
Rafael Fernandes Gon√ßalves da Silva,Other,63,4
Xin Wang,Other,71527,146
Vinod Ramakrishnan,UIUC,37,3
Ben Lewis,Other,24377,7
Syed Shoaib Ahmad Shah,Other,4437,39
Pin-Chiao Huang,UIUC,33,1
Jeewon Suh,UIUC,31,3
Jacob Rub√©n Barrera Loredo,Other,747,5
Emily Lopez,Other,135,3
Zachary Riedel,UIUC,31,2
Lukas Janavicius,UIUC,28,3
Hyun-Mo Ryoo,Other,11366,50
Nguyen Quoc Viet Hung,Other,6928,44
Aayushman Ghosh,UIUC,24,3
Miles V. Bimrose,UIUC,19,2
Binxin Fu,UIUC,18,3
Lin X. Chen,Northwestern,21964,77
Abhishek Bhattacharjee,Other,3495,29
Md. Rakibul Hasan Roni,UIUC,12,2
Swetapadma Sahu,Other,252,10
Jayesh Sanwal,UIUC,11,2
Michael Nelappana,UIUC,11,1
Joonsoo Han,Other,157,8
Yurii Zubko,UIUC,9,2
Ziwen (Jerry) Wang,Stanford,956,11
Aagam Shah,Other,198,2
Nusrat Jahan Salim,UIUC,6,2
Yan-Ru Chen,UIUC,5,1
Roberto Alonso Pineda Guzman,UIUC,4,1
Arghyadeep Paul,Other,17,2
Amr Mohamed Abdelghany,Other,6781,50
Leah Espenhahn,UIUC,3,1
Christian Bonney,UIUC,3,1
Shengzhe Ding,UIUC,2,1
James Tallman,UIUC,1,1
Karthik B. Jeganathan,Other,7470,27
Dr. Khalilah Zakariya,Other,962,13
Sagar Chowdhury,Other,1211,20
Yi Cui,Stanford,276025,259
Hongjie Dai,Stanford,242646,209
Shanhui Fan,Stanford,109446,161
H.-S. Philip Wong,Stanford,65509,123
"James S. Harris, Jr.",Stanford,64479,112
Mark Brongersma,Stanford,52859,100
Geoffrey C. Gurtner,Stanford,44866,97
Juan G. Santiago,Stanford,33058,86
Eric Pop,Stanford,32501,88
Nicholas Melosh,Stanford,26165,58
David Goldhaber-Gordon,Stanford,19378,57
H. Tom Soh,Stanford,17618,74
Olav Solgaard,Stanford,15591,65
Jonathan A. Fan,Stanford,15495,62
Sarah Heilshorn,Stanford,14970,64
Jayakumar Rajadas,Stanford,12473,58
Chenxi Zu,Stanford,12202,26
Eric A. Appel,Stanford,10565,45
John Brunski,Stanford,9323,44
"Kai Cheng, PhD, FIMechE, FIET",Other,8848,46
Fan Yang,Other,20911,69
Christopher J Takacs,Stanford,8281,32
Donald S. Gardner,Stanford,8258,45
Jung-Ho Yu,Stanford,8190,30
Sindy KY Tang,Stanford,8005,35
Turgut M. G√ºr,Stanford,7995,43
Jeff Dangl,Other,97654,133
Yuyan Jiang,Stanford,7166,39
Wei Li,Other,186702,204
TANG Jing,Other,16286,62
Zhiyong Zhang,Other,9278,52
Ophir Vermesh,Stanford,5584,21
Tais Gorkhover,Stanford,5581,27
Raag Airan,Stanford,5392,26
Michelle B Chen,Stanford,5216,29
Ankun Yang (Êù®ÂÆâÂù§),Stanford,5134,35
Andrew J. Mannix,Stanford,4798,17
Pengyu Fan,Stanford,4776,15
Fernando Soto,Stanford,4526,32
Junghyun Park,Stanford,4287,26
Geun Ho Ahn,Stanford,4274,22
"Rajib Ahmed, PhD",Stanford,4024,28
Philip DePond,Stanford,3938,14
zhang jie,Other,39803,98
Yi (Sheldon) Xu,Stanford,3893,28
Evan N. Feinberg,Stanford,3886,11
David Mechanic,Other,44259,108
Qian Yin,Other,4861,25
Leo Shaw,Stanford,3275,17
Ju-Hyung Kang,Stanford,3206,28
Dianmin Lin,Stanford,3169,16
Xiaoge Liu (ÂàòÊôìÊàà),Stanford,3159,12
Sirimuvva Tadepalli,Stanford,2943,27
Tomas Sarmiento,Stanford,2819,26
Polly Fordyce,Stanford,2784,26
Eric Singh,Stanford,2692,13
Jeyarama S. Ananta,Stanford,2536,24
Shi Yu Yang,Other,17709,35
Amr M Shaltout,Stanford,2478,18
Sajjad Abdollahramezani,Stanford,2471,23
Gunilla Jacobson,Stanford,2424,21
Ivan K. Dimov,Stanford,2323,22
Lei Cai,Stanford,2241,29
Maria Montero Diez,Stanford,2192,16
Karen L Havenstrite,Stanford,2185,8
Maedeh Zamani,Stanford,2152,14
Ye Tian,Other,10929,55
Xiao-Qing Yang,Other,41395,108
George Korir,Stanford,1991,4
Charles Roques-Carmes,Stanford,1926,20
Jonas F. Kurniawan,Stanford,1886,13
Peng Si,Stanford,1885,14
Jagathesh Chandra Bose Rajendran,Stanford,1865,21
Logan Su,Stanford,1852,17
Jianjun Adam Wang,Other,72100,21
Kevin Andrew Fischer,Stanford,1713,24
Anqi Zhang,Stanford,1699,17
Katherine L. Wilson,Other,14667,67
Gary Shambat,Stanford,1661,17
Adam K White,Stanford,1647,11
John W. Hickey,Stanford,1600,17
"Qian Lin, PhD",Other,4075,33
Jeffrey M. Weisse,Stanford,1579,11
Bugra Ayan,Stanford,1563,19
Mina R. Bionta,Stanford,1553,15
Timothy P. McKenna,Stanford,1536,20
Renwen Yu,Stanford,1517,21
Paul V. Ruijgrok,Stanford,1507,13
Jingyuan Linda Zhang,Stanford,1502,17
Xiaofang Yu,Stanford,1498,9
Yu-Guo Guo,Other,66399,130
Widya Mulyasasmita,Stanford,1458,7
Taehwa Lee,Stanford,1429,23
Alexandra Sockell,Stanford,1417,15
Jan-Fang Cheng,Other,52553,68
Shamik Mascharak,Stanford,1354,20
Wang Huiyuan,Other,3636,34
shashank gupta,Other,14677,55
Jiaqi Jiang,Stanford,1325,11
Sungsoo Seth Lee,Stanford,1261,11
Monica Pacheco,Other,3034,28
Byunghang Ha,Stanford,1239,18
Syamantak Khan,Stanford,1225,17
Alina Isakova,Stanford,1211,13
Fu Ming Wang,Other,2711,28
John Bartel,Stanford,1192,4
Nicholas P. Sergeant,Stanford,1167,9
Eneko Axpe,Stanford,1139,14
Omid Hemmatyar,Stanford,1118,14
Shiva Pathak,Stanford,1117,20
Daniil Lukin,Stanford,1102,13
"Mehmet Ozgun Ozen, PhD",Stanford,1097,16
Fan Yang,Other,20911,69
Qitong Li,Stanford,1082,11
Netra Unni Rajesh,Stanford,1064,5
David Kilian,Stanford,1053,15
Hadi Sena,Stanford,979,19
Su Yeon Lee,Other,2835,26
Rameshwar (Ram) Rao MD PhD,Stanford,945,15
Meysam Chorsi,Stanford,943,5
Farzad Houshmand,Stanford,913,16
Andrea d'Aquino,Stanford,891,12
You Zhou,Other,62557,135
Tanchen Ren,Stanford,866,16
Rebecca Sejung Park,Stanford,850,6
Lu Lu (È≤ÅÁíê),Stanford,819,11
Jason L. Guo,Stanford,814,14
Kara Brower,Stanford,810,12
Yoichiro Tsurimaki,Stanford,804,13
Yi He,Other,6910,41
Qinglin Zhang(Âº†Â∫ÜÊûó),Other,26231,70
Zhexin Zhao (ËµµÂñÜÊ¨£),Stanford,764,14
Hossein Mehrpour Bernety,Stanford,744,11
Jung-Hwan Song,Stanford,743,12
Dilip Thomas,Stanford,734,16
Shangjie Yu,Stanford,702,10
Johan D Carlstrom,Stanford,698,3
Michel Salomon,Other,830,16
Justin Briggs,Stanford,655,10
Anh Tuan Hoang,Other,10152,58
Mohammad Asif Zaman,Stanford,631,13
"Qiaoyu ""Steven"" Tan",Other,769,13
Artit Wangperawong,Stanford,624,12
Teng Cui,Stanford,609,12
Yu-Hung Li,Stanford,603,11
David Carlstedt,Stanford,601,11
Mo-Yuan Shen,Stanford,592,12
F√©lix M Mayor,Stanford,588,9
Ashwin C Atre,Stanford,586,9
Thomas J.P. Hersbach,Stanford,575,13
Byungjin Lee,Stanford,567,13
Alinaghi Salari,Stanford,563,13
Majid Esfandyarpour,Stanford,553,7
Mohammad Mofidfar,Stanford,553,10
Alexis J. Seymour,Stanford,551,7
Qiang Liu,Other,88172,118
"Danial Barati, Ph.D.",Stanford,528,12
Julien G. Roth,Stanford,516,8
Chi Zhang(Âº†È©∞),Other,32583,81
Mingkun Chen,Stanford,493,5
Maziar Aghvami,Stanford,488,11
Alice Lay,Stanford,479,7
Andrew Ceballos,Stanford,475,11
Joseph Louis Mann,Stanford,475,10
Evan W Wang,Stanford,473,6
Di Wu,Other,34179,26
Jun-Kyo F Suh,Other,11658,44
Vandana Kaul,Stanford,430,7
Yatian Qu,Stanford,428,5
Chien-Hung Yu,Other,1445,13
Kaiwen Hsiao,Stanford,426,9
Tingting Yan,Other,2632,21
ABDUL MALEK A TAMBI,Other,1814,18
Daniel Bechstein,Stanford,422,9
Punnag Padhy,Stanford,420,12
Charles P. Blakemore,Stanford,419,9
Souvik Biswas,Other,1984,20
David Heydari,Stanford,407,5
RuSiou Hsu (Alice),Stanford,406,11
James Wang Lee,Other,61143,96
Alison E. Rugar,Stanford,390,6
Goran Nikoliƒá,Other,2321,25
Dara Bobb-Semple,Stanford,388,8
Parivash Moradifar,Stanford,382,6
Ben S. Ou,Stanford,370,10
Haiwen Wang,Stanford,365,8
Emma Purcell,Stanford,357,8
Craig Markin,Stanford,352,9
Sara Chandros Hull,Other,3603,34
Zhibin Wang,Other,17487,28
Bryan Baum,Other,11411,55
Giancarlo Garcia-Schwarz,Stanford,331,7
Michael J. Braun,Other,13112,47
Viktor Shkolnikov,Stanford,326,9
Karthik T Narasimha,Stanford,324,6
Kirstin Schauble,Stanford,306,5
Diego A. Huyke,Stanford,300,6
Jefferson Dixon,Stanford,299,7
Michael Sgro,Other,3582,28
Farbod Tabesh,Stanford,291,7
Lucia Giulia Brunel,Stanford,290,7
Jiangnan Li,Other,4773,32
Hung-Pang Lee,Stanford,266,7
Sena Yaman,Stanford,259,7
Alexander E. Vlahos,Stanford,255,7
Maryam Navi,Stanford,244,8
Ines C. Weber,Stanford,240,8
Nayeun Lee,Stanford,240,5
Yufeng Zhao,Other,11672,57
Patrik K Johansson,Stanford,225,8
Mohammad Reza Rasouli,Stanford,5844,39
Daniel Mokhtari,Stanford,221,6
Katie Neilson,Stanford,219,6
Seong-Hyun Park,Other,1531,24
Tara Pe√±a,Stanford,218,6
Yuan-Pang Hsieh,Stanford,217,9
Angelie Rivera-Rodriguez,Stanford,216,6
Anthony John Roberts,Other,4583,37
Hai Haham,Stanford,212,6
Matthew Morea,Stanford,208,6
Feng Pan ÊΩòÂ≥∞,Stanford,208,8
Julie Baillet,Stanford,202,8
Yu Xin Zhang,Other,20862,80
Peter H Suzuki,Stanford,196,5
Hubert Stokowski,Stanford,192,7
Dominic Ramon R√ºtsche,Stanford,185,6
Nghi Thi-Phuong Nguyen,Stanford,183,7
Bruce Changlong Xu ÂæêÈï∑Èæç üêâ,Stanford,177,5
Sungu Kim,Stanford,168,7
Noah Eckman,Stanford,164,4
Mats Cooper,Stanford,161,2
Jinyoung Hwang Ìô©ÏßÑÏòÅ,Other,435,10
Alex Yi-Kai Hwang,Stanford,145,5
Alex Q. Huang,Other,32313,84
Wei-Chen (Harry) Chen,Stanford,135,5
Seth C. Cordts,Stanford,132,4
Yoonhyuk Rah,Stanford,130,5
Chenkai Mao,Stanford,128,4
Anton Persson,Stanford,126,6
Tianqi Chen,Other,48554,37
Robert Lupoiu,Stanford,123,4
Yi-Shiou Duh,Stanford,123,4
Dan Li,Other,48952,71
Rajorshi Paul,Stanford,120,5
Alexander Prossnitz,Stanford,116,5
Pamela C Cai,Stanford,116,7
Eytham SOUIBGUI,Stanford,111,4
Olivia Y. Long,Stanford,106,4
Ching-Ting Tsai,Stanford,104,6
Michael Chak Mink Leung,Other,373,8
Dr. Samya Sen,Other,168,5
Myra Kurosu Jalil,Stanford,101,4
"Danny Doan, MPH",Other,226,4
Srijit Mukherjee,Other,358,6
Adam L Dobson,Other,543,10
Usua U. Amanam,Stanford,91,4
Qianqian Wang,Other,2940,30
Antonio Delgado-Gonzalez,Stanford,85,5
Sahil Dagli,Stanford,83,5
Ruiqi Cheng,Other,741,18
Oƒüuz Tolga √áelik,Stanford,68,3
Jihun Rho,Stanford,61,5
Mohammad Moein Moeini,Stanford,61,4
Michelle S. Huang,Stanford,61,3
William T Yu,Stanford,55,2
Alexandre Haemmerli,Stanford,53,5
Varun Dolia,Stanford,53,3
Dinghao Tang,Stanford,52,5
Pao Tao Yu,Stanford,52,4
Rabia Akan,Stanford,52,4
Crystal Nattoo,Stanford,49,2
Yueming Liu,Other,156,8
Yung-Hao Lin,Stanford,42,2
Manish Ayushman,Stanford,40,3
Betty Cai,Stanford,40,2
Pingyu Wang,Stanford,31,2
Heli Peltola,Other,11800,58
Vamsi Varanasi,Stanford,25,2
Euisun Song,Stanford,25,2
William Nielsen Brandt,Other,64051,120
Alexandre S. Avaro,Stanford,23,4
Renato S. Navarro,Stanford,22,3
Richard T. Lee,Other,73066,134
Boran Kumral,Stanford,12,2
Brenda Yu,Stanford,11,2
Neelanjan Akuli,Stanford,10,2
Priyanuj Bordoloi,Stanford,8,2
Cooper Shea,Stanford,3,1
Joseph B. Schulz,Stanford,3,1
Joshua L. Reynolds,Stanford,3,1
SANKAR RAJU NARAYANASAMY,Stanford,1,1
Matti L. S. Thurston,Stanford,1,1
Qingyuan Fan,Other,4,1
Chris Williams,Other,82607,57
Chad Mirkin,Northwestern,189212,196
Edward Sargent,Northwestern,133305,181
Milan Mrksich,Northwestern,44095,101
Laurence D Marks,Northwestern,37431,76
Lincoln J Lauhon,Northwestern,32555,70
Christopher A Schuh,Northwestern,29731,85
David Dunand,Northwestern,29261,89
Teri W. Odom,Northwestern,27212,73
Jinsong Wu,Northwestern,27041,87
Cheng Sun,Northwestern,23126,59
Koray AYDIN,Northwestern,13125,49
Guillermo Ameer,Northwestern,12747,53
Bin Chen,Other,21617,82
Ryan L. Truby,Northwestern,9702,20
Sinan Keten,Northwestern,8090,50
Tao Sun,Other,7180,46
M. Iqbal Bakti Utama,Northwestern,5139,32
Gajendra Shekhawat,Northwestern,4392,33
Nikos Hardavellas,Northwestern,4200,26
Matthew D. Massich,Northwestern,3988,7
Serkan Butun,Northwestern,3758,31
Dr. Jagotamoy Das,Northwestern,3180,26
Dayne F. Swearer,Northwestern,3003,18
"Evan Alexander Scott, Ph.D.",Northwestern,2790,31
Qiucheng Li,Northwestern,2349,21
"Vikas Nandwana, PhD",Northwestern,2291,27
Francesca Arcudi,Northwestern,2236,21
Arash Dehzangi,Northwestern,2038,26
Rebecca McMurray,Northwestern,1839,9
Ivan Nevirkovets,Northwestern,1829,21
Chao-xing Liu,Other,21981,55
david walker,Other,50963,89
Weijia Wang,Northwestern,1679,16
Daniel Dajun Zeng ,Other,20418,66
Stuart Kaltz,Northwestern,1651,4
Shikai Deng,Northwestern,1642,13
Jeffrey Brodin,Northwestern,1641,17
Ian McCue,Northwestern,1629,15
Paul Masih Das,Northwestern,1614,16
Neha P. Kamat,Northwestern,1613,20
Xinglong Wang,Other,14329,52
Zhilin Yu,Northwestern,1559,20
Xin Liao,Other,2596,21
"Alexander J. Smith, PhD",Other,10089,48
Anh Tuan Hoang,Other,10152,58
Ziying Hu,Northwestern,1415,18
Nathan Greeneltch,Northwestern,1347,11
Xunyu Zhou,Other,16781,60
Sanjib Das,Other,1555,19
Yuyuan Lin,Northwestern,1295,14
Sara Rupich,Northwestern,1275,17
Andrey Ivankin,Northwestern,1274,13
Millicent Lin,Northwestern,1162,11
Songting Cai,Northwestern,1125,19
Julian J. McMorrow,Northwestern,1015,17
Shanliangzi Liu,Northwestern,991,12
Soojeong Cho,Northwestern,940,17
Patrick L Hankins,Northwestern,931,6
Amedeo Lancia,Other,5911,48
Young-Ah Lucy Lee,Northwestern,925,9
Zizhuo Liu,Northwestern,905,14
Jiang Bin,Other,25445,77
Jack (Liliang) Huang (ÈªÑÂäõÊ¢Å),Northwestern,897,12
Pratik S Randeria,Northwestern,878,8
Daniel Bayham Wright,Northwestern,877,15
Elodie Sandraz,Northwestern,859,5
Eve Hanson,Northwestern,852,11
Jianglong Yan,Northwestern,839,18
Alireza Bonakdar,Northwestern,744,15
Siamak Abdollahi pour,Northwestern,742,13
Priscilla Choo,Northwestern,655,11
Kathleen Stair,Northwestern,630,10
Keun-Ho Kim,Northwestern,629,9
Jasmine May,Northwestern,597,7
Shannon G Taylor,Other,2691,24
Lingxuan Peng,Northwestern,526,8
Hussain Sangji,Northwestern,504,8
Hunter B Rogers,Northwestern,492,4
Ratnakar Tiwari,Northwestern,489,12
Jacob A. Lewis,Northwestern,487,9
Saeed Rahimi-Aghdam,Northwestern,479,13
Michael Knudsen,Other,665,9
Shaghayegh Shajari,Northwestern,461,10
Pei-Hui Lin,Other,20961,53
Youngseop Lee,Northwestern,433,9
Nathan T. La Porte,Northwestern,433,10
Daniel Li (Dan Li),Northwestern,419,10
Ryan Thaner,Northwestern,418,9
Liwei Wang,Other,15607,61
Amanda Kyle Gibson,Other,1007,18
S Shiva P Nathamgari,Northwestern,397,9
Ivy Huang,Northwestern,375,5
Radoslav Z. Pavlovic,Northwestern,374,11
Vuslat B. Juska,Northwestern,367,7
Ibrahim Tanriover,Northwestern,363,8
Wisnu Hadibrata,Northwestern,357,10
Dominic P. Goronzy,Northwestern,350,7
Rohun Palekar,Northwestern,340,11
Merve Doƒüang√ºn,Northwestern,330,8
Kaitlin Landy,Northwestern,330,5
Nikolay Z. Zhelev,Northwestern,327,10
soongwon Cho,Northwestern,320,7
Andy Hung,Other,1487,16
Dominik Kozjek,Northwestern,315,11
Hannes Campo,Northwestern,308,9
Nhung Thi Cam Nguyen,Northwestern,292,8
Samantha Huddleston,Northwestern,259,2
Ming Chen - ÈôàÈì≠,Other,10228,49
Min-Jung Ko,Other,1025,14
Guangyu Lu,Other,780,18
Chuchuan Hong,Northwestern,252,7
Chi Zhang(Âº†È©∞),Other,32583,81
Eleonora Isotta,Northwestern,231,8
Âº†ÁëûÂçé,Northwestern,228,4
EunBi Oh,Northwestern,219,5
Prithvijit Mukherjee,Northwestern,208,8
Kira Fahy,Northwestern,190,4
Rethavathi Janarthanam,Northwestern,180,5
Hwan Tae Park,Other,16859,38
Sankalp Koduvayur Ganeshan,Northwestern,172,7
Rajendra K. Saroj,Northwestern,160,9
Shen-En Chen,Other,314144,254
Maria A. Vratsanos,Northwestern,157,8
Tanner Fink,Northwestern,156,6
Lichao Fang,Other,941,9
Bamadev Das,Northwestern,153,7
Yuanwei Li,Other,761,14
Curt Waltmann,Northwestern,128,6
DEVLINA DAS PRAMANIK,Other,1365,18
Jennifer Glerum,Northwestern,125,6
Daniel G. Anderson,MIT,80812,139
jin-quan yu,Other,58590,128
Kavya Mendu,Northwestern,120,5
Chang-Hee Cho,Other,2624,28
Putong Kang,Northwestern,109,4
Jiayun Shao,Northwestern,105,3
Jasper Dittmar,Northwestern,104,6
Matthew Vasher,Northwestern,101,3
Andrew Sinegra,Northwestern,89,3
Sofia Lara Ochoa,Northwestern,87,2
Jianzhong (Charlie) Zhang,Other,25218,72
Shraddha Awasthi,Other,264,8
Namrata Ramani,Northwestern,85,3
Nicolas A. Alderete,Northwestern,82,5
Carolin B. Wahl,Northwestern,77,4
Cesar A. Patino,Northwestern,70,5
Jie Wei Zhu,Other,250,11
Rebecca L Keate,Northwestern,66,4
Yukun Liu,Other,2137,18
Leyun Feng,Northwestern,61,3
Arthur McCray,Northwestern,59,4
Kijung Kwak,Northwestern,49,3
Rustin Golnabi,Northwestern,47,2
Qinsi Xiong,Northwestern,47,3
Alexander J. Lazar MD/PhD,Other,110472,133
Young-June Kim,Other,10680,53
Shen-En Chen,Other,314144,254
Doksoo Lee,Northwestern,31,4
Clement Ekaputra,Northwestern,25,3
Christopher Hareland,Northwestern,20,3
Jing-Jia Luo,Other,16533,58
Connor Forsyth,Northwestern,14,2
Haiyang Han,Northwestern,11,2
Ayman Roslend,Northwestern,10,1
Anushka Dasgupta,Other,150,3
Samuel C. Price,Other,5149,15
Brandon Ohl,Northwestern,8,2
Sachin Kulkarni,Other,923,9
Zhi-Hua Zhou,Other,86196,122
Zachary J. Trdinich,Northwestern,4,1
Jordan Athas,Northwestern,2,1
